flight_id,date,route,aircraft_type,planned_fuel_kg,actual_fuel_kg,duration_min,passengers,cargo_weight_kg,catering_weight_kg,wind_speed_kts,wind_direction,temperature_c,visibility,weather_conditions,departure_delay_min,taxi_time_min
2985552297862820,2026-02-12 08:00,MAN-FAO,737-800,5404,5557,169,155,2009,135,1,NE,-2,6,Overcast,0,24
5972339811598312,2026-01-19 23:30,LBA-ALC,757-200,4632,4514,160,221,1618,163,6,SW,7,7,Clear,0,19
6719374341079667,2025-12-30 16:15,LBA-TFS,737-800,6196,6677,232,156,1578,127,40,SW,-5,8,Windy,0,9
8968518948004304,2025-12-14 22:15,MAN-ALC,737-800,4970,4747,153,153,1269,157,20,W,2,4,Cloudy,0,22
7129230970992268,2026-02-13 19:15,MAN-FAO,737-800,5874,5911,188,177,1995,152,14,E,17,10,Clear,0,12
7504027691763660,2026-01-16 07:45,BHX-TFS,757-200,7041,6761,249,200,1669,195,34,S,34,8,Clear,0,7
1521740770656055,2025-12-26 21:15,EMA-ALC,737 MAX 8,5005,5279,170,162,1113,138,10,N,23,8,Light Rain,18,16
3807691902964454,2025-12-23 23:00,LBA-TFS,757-200,5970,6427,251,208,1725,200,35,E,1,9,Cloudy,9,13
5372223745990823,2026-01-13 16:45,EMA-ALC,737-800,4930,8152,157,164,814,119,40,N,-1,4,Clear,0,15
2725688862732548,2025-12-20 22:15,NCL-PMI,757-200,5484,5754,167,206,2965,173,26,NW,31,3,Clear,1,10
8788078000776321,2025-12-17 22:45,LBA-FAO,737-800,4936,4738,173,178,2454,186,35,NE,-12,3,Clear,0,22
7737163271727691,2026-01-13 06:15,BHX-TFS,737-800,6771,7233,247,168,1666,164,35,NW,-6,6,Windy,0,24
6921090959463139,2026-01-02 06:00,NCL-PMI,737-800,5161,4795,176,161,940,151,43,SE,10,4,Overcast,0,9
4143593651476030,2026-02-05 23:30,MAN-FAO,737-800,5621,5386,187,169,1736,140,4,N,14,4,Clear,0,11
3453092713590570,2025-12-01 12:30,MAN-AGP,737-800,5160,4997,177,183,816,177,35,S,27,4,Cloudy,5,24
4852262277816124,2025-12-29 11:30,MAN-PMI,757-200,4517,4509,148,203,1578,194,17,N,-15,8,Cloudy,5,24
8026662504574666,2026-02-02 05:00,LBA-TFS,737 MAX 8,6052,6096,247,187,1931,142,8,N,4,8,Clear,6,10
3748913715197667,2026-02-02 18:15,MAN-TFS,737 MAX 8,6281,12349,255,176,2442,170,15,S,-5,4,Light Rain,0,21
1976400849516866,2025-12-22 12:00,MAN-PMI,737-800,4071,4375,148,182,1618,177,34,SW,-14,4,Windy,48,15
9106904186376352,2026-02-07 18:30,BHX-PMI,737-800,5018,4926,161,166,890,163,0,SE,8,9,Clear,0,10
6897065717443620,2025-12-31 21:30,BHX-FAO,737-800,5802,5853,192,174,2187,174,11,S,10,3,Windy,0,25
9862507153096754,2026-01-03 19:45,BHX-AGP,757-200,5584,5846,181,210,1547,171,42,SW,-10,6,Windy,0,8
1452326476004822,2026-01-22 07:45,BHX-FAO,737 MAX 8,5699,5898,188,175,1299,133,44,N,33,4,Light Rain,4,23
6743543113040141,2026-02-02 12:00,BHX-AGP,737-800,5643,6084,179,178,2054,183,32,W,38,10,Cloudy,0,14
4744960080171194,2025-12-28 21:45,MAN-TFS,737-800,6392,6120,232,184,965,139,14,W,29,5,Cloudy,0,24
2976374247857017,2025-11-30 11:45,BHX-TFS,737 MAX 8,6520,6892,253,174,1776,122,22,S,33,9,Light Rain,9,14
2906464374219368,2025-12-27 18:45,LBA-ALC,737-800,4369,4607,167,189,1893,134,25,N,-10,9,Cloudy,0,19
2372536777464461,2026-01-20 15:30,BHX-TFS,737-800,6758,7120,248,184,906,202,22,SE,26,4,Clear,0,7
9480010902644003,2025-12-23 09:45,LBA-AGP,757-200,4838,4992,166,210,1669,212,10,S,-9,3,Windy,54,19
9030595140924568,2025-12-18 07:15,LBA-AGP,757-200,5035,5183,169,202,2622,184,42,SW,-11,8,Clear,0,18
6497380197739158,2026-01-20 09:45,MAN-ALC,757-200,4676,4763,165,230,3104,201,37,S,5,6,Clear,0,21
6000580981551128,2026-02-16 17:30,LBA-ALC,737-800,4386,4377,165,166,1497,135,38,S,20,3,Overcast,0,20
7496748438769092,2025-12-23 20:45,BHX-AGP,757-200,5401,5160,167,219,2711,195,33,SW,12,8,Windy,0,14
5811062197138190,2025-12-17 15:00,EMA-TFS,737 MAX 8,6189,5884,250,167,2283,156,33,S,-9,6,Windy,0,7
2343852968907987,2025-12-09 13:00,LBA-PMI,757-200,4402,2456,144,228,2595,176,3,S,15,4,Clear,0,8
7870126382368110,2026-02-03 14:00,MAN-TFS,737-800,6526,6637,254,164,2388,149,28,NW,4,9,Windy,0,10
8240939743693472,2025-12-19 11:30,LBA-TFS,737-800,6465,3934,230,180,1396,128,18,S,29,10,Clear,4,25
5863721899749850,2025-12-18 18:00,EMA-TFS,737-800,6272,6600,232,160,2423,132,36,S,13,4,Light Rain,0,15
9979686473732747,2026-01-25 19:00,NCL-TFS,737-800,6630,10520,253,186,2002,201,43,S,21,3,Cloudy,8,15
2044129412944417,2026-02-05 18:45,LBA-TFS,737-800,6241,6062,238,160,1475,138,31,S,27,9,Overcast,0,15
6674738309408332,2026-01-13 21:00,EMA-TFS,737-800,6192,6210,229,181,2080,159,3,SE,2,5,Windy,0,7
5114364968019459,2026-02-08 12:15,MAN-AGP,757-200,5008,4682,177,207,3090,223,41,E,16,7,Overcast,5,22
2338431489816565,2026-02-01 09:45,MAN-PMI,737 MAX 8,4139,4380,156,176,1496,189,32,S,37,3,Windy,0,22
9902841797578387,2026-01-19 22:45,BHX-ALC,737-800,5186,5149,172,162,2228,129,24,SE,34,9,Clear,0,19
6613820062724849,2026-02-15 09:45,LBA-PMI,737-800,4239,4490,158,178,1004,162,29,N,31,5,Light Rain,0,15
2498481635420898,2026-02-19 17:00,BHX-PMI,737 MAX 8,5289,5673,162,181,1908,129,4,SE,25,7,Cloudy,38,10
9222034125856492,2026-02-19 14:00,LBA-PMI,737-800,4200,4105,141,165,1887,143,43,E,-5,5,Clear,10,14
8613819336732931,2026-02-05 09:15,BHX-AGP,757-200,5361,5504,179,229,2378,222,10,NE,13,8,Overcast,51,15
8195495186757094,2025-12-31 11:45,EMA-PMI,737-800,5185,5068,157,168,844,183,42,W,2,3,Overcast,1,16
9750402629515452,2025-12-22 16:15,MAN-PMI,757-200,4099,4364,144,219,3005,156,23,E,-10,7,Windy,0,24
5833011869912756,2026-01-08 21:30,MAN-ALC,737-800,4702,4887,160,157,1759,170,9,SE,28,9,Overcast,6,7
9523165225179444,2025-12-08 19:30,MAN-FAO,757-200,5680,5324,185,201,3499,167,39,SE,26,4,Light Rain,0,11
7217493582452787,2025-11-27 14:45,LBA-AGP,737-800,4669,4586,177,184,1658,172,9,W,26,4,Light Rain,37,15
8086812219750043,2026-01-09 11:45,BHX-AGP,737 MAX 8,5201,5601,176,172,924,148,12,NE,37,10,Clear,4,7
8804267653698253,2026-01-04 12:15,NCL-PMI,737-800,5567,5306,184,164,1472,166,38,N,2,5,Cloudy,9,10
6540391613284969,2025-11-26 09:00,BHX-ALC,757-200,5131,4733,162,208,2924,189,4,NW,13,8,Overcast,0,14
7414501652010580,2025-11-28 21:30,BHX-AGP,757-200,5162,5574,165,227,1642,203,28,NE,-10,8,Overcast,0,25
4843945532697397,2026-01-03 17:30,BHX-AGP,737-800,5201,5445,178,185,2276,194,27,NW,-1,9,Windy,0,10
4184926172823865,2026-01-02 13:30,LBA-FAO,757-200,4734,4424,180,227,1595,227,23,E,20,3,Overcast,0,10
6485334774714929,2026-02-16 18:00,MAN-AGP,757-200,4853,4914,171,230,2118,239,22,SW,-8,7,Overcast,4,24
2417817413186966,2026-02-15 13:00,MAN-ALC,737-800,4747,4634,154,159,1959,153,4,E,32,3,Clear,0,21
4872318226775942,2026-01-09 14:30,NCL-PMI,757-200,5159,4876,161,205,2314,180,27,NW,23,10,Light Rain,5,10
2163601884370352,2025-12-07 14:45,EMA-ALC,757-200,4925,4842,151,200,2037,164,13,E,33,7,Windy,0,20
4648205845430424,2026-01-10 22:15,EMA-ALC,757-200,5062,4715,171,202,2986,143,4,SW,21,9,Overcast,7,16
6703581322643548,2025-11-25 15:15,NCL-TFS,737-800,6670,6230,262,165,1692,154,33,NE,10,7,Windy,4,9
6722260704533721,2025-12-07 21:15,BHX-ALC,737-800,4951,4742,175,162,1155,152,41,NE,-4,10,Light Rain,0,25
8784472079031445,2026-02-10 15:30,LBA-FAO,737-800,4926,5030,180,187,915,157,4,S,14,10,Clear,1,9
3231476196554736,2025-12-04 21:45,BHX-AGP,757-200,5560,5924,166,212,2516,200,32,E,-12,10,Clear,0,12
8670226288548815,2026-01-18 19:15,BHX-ALC,737-800,5196,5120,164,188,907,191,41,SW,-11,8,Clear,0,15
6818873633605788,2026-02-15 09:30,LBA-TFS,757-200,6258,6068,229,225,1728,211,5,S,20,9,Windy,3,23
4033306315895259,2026-02-16 18:30,LBA-ALC,737-800,4419,4307,160,162,1263,178,9,NE,3,4,Overcast,9,8
8522033511095465,2026-02-10 09:45,LBA-FAO,737-800,5114,5443,184,152,1641,129,15,NW,24,7,Light Rain,0,22
5047105904977549,2025-12-17 16:45,BHX-AGP,757-200,5614,5639,177,212,1766,222,3,NW,8,4,Overcast,0,12
7437485271073228,2026-01-27 09:45,LBA-TFS,737 MAX 8,6361,6752,232,176,909,151,23,SE,9,4,Windy,0,10
7991137788575222,2026-02-14 15:15,LBA-FAO,737-800,5056,5324,180,180,1718,170,5,N,1,6,Cloudy,9,20
4752107355604085,2025-12-29 12:30,LBA-AGP,737-800,4927,5159,173,157,1823,147,1,SE,30,5,Windy,7,14
6241319408606509,2025-12-16 07:30,LBA-TFS,737 MAX 8,6419,6713,242,151,1599,158,2,W,8,7,Clear,0,10
1377458415315114,2026-01-04 09:00,BHX-ALC,737-800,4979,5242,175,180,2093,139,8,NE,30,10,Clear,0,13
5481294539646592,2026-01-02 14:45,EMA-TFS,737-800,6195,5983,229,153,2142,127,7,SW,12,9,Light Rain,32,22
4998372701957418,2026-01-09 21:30,LBA-TFS,757-200,6340,6444,227,234,2403,194,5,SW,27,7,Windy,8,12
2136976776959447,2026-01-06 19:00,BHX-ALC,757-200,5081,5194,168,203,1507,197,25,SW,17,5,Clear,3,21
7626370144846255,2025-12-01 12:30,BHX-ALC,737-800,4833,4914,173,173,1561,152,4,E,18,8,Light Rain,0,10
1790750712075990,2025-12-16 20:45,EMA-TFS,737-800,6266,6471,252,189,1384,185,31,SE,-8,5,Clear,8,21
5210018722313823,2026-02-18 15:30,LBA-TFS,737-800,6207,6556,234,161,2425,136,14,NE,-3,5,Cloudy,0,25
6294305854458084,2026-02-01 09:00,LBA-TFS,737-800,6390,6416,247,186,951,140,20,NE,13,10,Overcast,6,24
2127434388925509,2025-12-16 09:45,EMA-ALC,737 MAX 8,4827,4841,151,160,1460,172,14,SW,18,7,Clear,5,24
9007371661995018,2026-02-11 14:00,EMA-ALC,757-200,5294,5001,168,221,1368,228,1,NE,-13,7,Cloudy,10,7
4591322698129006,2026-02-11 22:30,MAN-AGP,737-800,4952,4915,172,160,1700,139,29,SE,6,5,Windy,57,18
9970896036222083,2025-12-09 16:00,BHX-PMI,737-800,5173,5131,148,153,1394,165,39,W,0,5,Windy,0,12
2206376559888461,2026-01-27 19:45,MAN-AGP,737-800,5283,5193,162,165,1240,154,3,N,3,10,Overcast,0,10
9457295512867112,2025-12-26 16:45,BHX-ALC,737-800,5383,5436,156,168,950,144,28,S,37,4,Cloudy,0,17
4029784149776069,2026-01-08 09:15,NCL-TFS,737-800,6341,5880,256,171,2446,152,29,E,23,5,Windy,0,16
5327499884513299,2026-01-26 21:45,NCL-PMI,737-800,5377,5232,160,176,1995,145,44,N,23,10,Windy,0,8
8641502187584298,2025-12-14 21:45,LBA-FAO,757-200,4716,4771,172,212,1277,186,26,E,11,6,Light Rain,9,22
3688643334325325,2025-11-30 09:15,EMA-TFS,737-800,6489,6515,249,161,1741,171,21,SW,28,7,Overcast,23,15
9322737574201208,2025-12-21 14:30,MAN-PMI,757-200,4324,4310,155,217,2378,162,43,W,10,8,Cloudy,0,9
3975018246872654,2026-01-18 13:45,MAN-PMI,737-800,4277,4573,157,158,1023,150,37,SE,0,3,Overcast,0,10
9299873602989138,2026-01-22 08:15,LBA-ALC,737 MAX 8,4616,4729,160,180,1777,173,18,SW,3,3,Clear,0,8
5541545023737102,2025-12-15 18:15,LBA-PMI,737 MAX 8,4407,4186,152,168,876,118,36,NE,6,7,Light Rain,0,11
9842234649498137,2026-01-21 13:15,LBA-AGP,737-800,4931,4739,174,171,2419,140,43,SE,-4,9,Light Rain,0,10
4651667780383670,2025-12-10 20:30,MAN-TFS,737-800,6341,6287,242,171,1418,160,36,N,1,8,Cloudy,0,16
5023948526721705,2026-02-18 21:30,LBA-AGP,757-200,4788,4876,169,208,3158,158,38,SW,11,10,Overcast,0,9
1501123077534151,2026-01-29 16:00,NCL-PMI,737-800,5517,5254,177,160,1471,167,28,NE,28,6,Overcast,8,21
1542737812087650,2026-01-20 09:45,BHX-AGP,757-200,5573,5727,182,201,2821,161,0,SE,22,4,Clear,7,24
2607546638876244,2025-12-01 20:00,MAN-AGP,737-800,5192,5310,164,176,1566,193,24,NW,9,9,Clear,9,18
8291128030127299,2026-01-30 17:15,MAN-TFS,757-200,6123,6592,254,234,2937,214,14,SE,14,8,Cloudy,23,10
9254170437475895,2026-02-15 18:00,MAN-TFS,737-800,6134,6081,233,153,1301,152,25,NW,-1,6,Clear,43,14
7271787492480216,2026-02-04 15:30,MAN-TFS,737-800,6633,6337,234,153,1940,165,11,W,20,10,Clear,6,23
5051322057196184,2026-01-15 18:15,MAN-AGP,737-800,5042,4833,177,159,2450,141,3,W,11,5,Light Rain,0,9
5313735247942084,2026-01-09 07:15,LBA-PMI,737-800,3940,4176,159,187,2283,181,13,NW,-2,8,Windy,24,10
6066768820470247,2025-12-24 11:45,MAN-TFS,757-200,6389,6267,254,222,2463,179,32,NW,14,4,Light Rain,0,20
2515313685914536,2025-12-21 09:00,MAN-FAO,757-200,5893,6100,183,212,2551,168,36,SE,16,8,Windy,8,22
1544487491900605,2026-01-07 10:15,EMA-TFS,737-800,6060,6083,245,154,2475,149,0,W,-7,6,Clear,0,21
5741895664825608,2026-02-10 20:45,LBA-ALC,737-800,4621,4260,172,167,1897,182,1,W,36,5,Clear,0,13
2543687279323377,2025-12-25 16:30,BHX-TFS,737-800,6970,7042,247,164,1414,160,5,N,-10,9,Light Rain,0,7
7775702370761981,2025-12-03 20:45,BHX-PMI,757-200,5440,5805,148,230,2310,165,4,S,19,3,Cloudy,12,25
6450873307207177,2026-01-12 07:30,MAN-ALC,757-200,4798,4934,163,224,1773,228,44,NE,17,8,Clear,0,9
8060658708314445,2026-02-09 17:30,LBA-ALC,757-200,4702,4497,169,224,2968,173,37,W,-10,7,Cloudy,0,19
6386699006807084,2026-02-12 09:45,BHX-PMI,737-800,4905,5253,147,167,1009,126,11,W,13,9,Clear,0,9
4915215595772585,2026-01-03 17:00,MAN-AGP,737-800,5171,5503,162,165,1971,150,43,W,-5,5,Windy,0,9
4015034572796676,2025-12-28 18:30,EMA-PMI,757-200,4857,5202,156,231,2000,204,8,S,-15,9,Windy,10,17
2025811556706456,2026-01-17 09:30,BHX-PMI,757-200,5390,5230,151,220,2393,219,40,NW,21,6,Windy,7,19
4395634598047576,2026-02-03 11:15,EMA-TFS,737-800,6472,6931,251,168,2218,122,26,NW,-7,7,Cloudy,0,20
6809926744948574,2025-12-02 19:45,NCL-PMI,737-800,5428,5466,176,173,2236,183,34,NE,-9,6,Windy,3,25
1221242345484861,2026-02-17 17:30,BHX-FAO,737-800,5764,5508,173,185,1988,180,14,NW,8,9,Light Rain,0,18
3704536899835516,2026-01-23 08:30,BHX-FAO,737 MAX 8,5618,5916,172,172,1438,144,13,NW,7,10,Clear,8,17
7641801976423690,2025-11-28 08:00,BHX-PMI,757-200,5149,5162,150,221,3493,192,29,SE,36,9,Cloudy,3,19
9700201553908929,2026-02-09 11:45,NCL-PMI,737-800,5219,4973,160,154,1982,114,34,E,8,8,Cloudy,0,22
7245919138839687,2026-02-12 15:45,NCL-TFS,737-800,6656,6498,243,161,2466,156,19,NE,28,5,Windy,0,12
1086320045877773,2025-12-11 21:45,BHX-FAO,757-200,5892,5819,188,234,1909,216,31,S,-7,5,Windy,0,18
8032279525211716,2026-01-24 09:15,BHX-TFS,737 MAX 8,7006,6904,251,178,1800,137,36,N,35,6,Windy,0,16
8879586934597388,2026-01-20 23:45,EMA-TFS,737-800,6116,5889,246,173,1910,178,2,NW,19,6,Light Rain,2,14
1534649578281271,2025-11-27 19:30,BHX-ALC,737 MAX 8,5249,5556,157,165,1229,169,37,SW,30,9,Cloudy,10,13
3229774484726320,2026-02-03 16:30,NCL-TFS,737-800,6599,6377,250,182,2191,187,8,W,-12,7,Cloudy,0,17
9756350534179560,2026-02-17 17:45,LBA-FAO,757-200,5021,4952,173,205,2850,186,17,SW,14,10,Windy,10,9
2119028029096906,2026-01-20 16:00,EMA-TFS,737-800,6216,6211,241,168,1491,154,8,NW,35,8,Clear,1,21
4569925499252295,2025-12-13 19:45,LBA-ALC,737 MAX 8,4407,4757,168,169,1125,177,17,NE,26,8,Windy,2,12
4450384435397384,2026-02-11 14:15,BHX-FAO,757-200,5597,5150,192,208,2126,189,28,N,-15,8,Clear,0,9
7739807112387186,2025-12-04 08:00,BHX-PMI,737-800,5040,4945,154,158,2113,173,9,NE,18,3,Overcast,0,13
9478290262789647,2025-12-12 18:45,MAN-PMI,737-800,4143,4310,143,174,1519,189,20,E,0,7,Clear,4,16
9806314566447944,2026-02-19 05:30,MAN-PMI,737-800,4193,4359,156,153,2405,162,15,NW,9,4,Cloudy,0,23
3580452887051136,2025-11-24 16:30,LBA-FAO,737-800,4915,4809,183,180,2377,131,37,NE,-15,7,Cloudy,14,19
7293111968318606,2026-02-11 21:45,BHX-FAO,757-200,6049,6085,172,205,2469,150,13,E,19,8,Light Rain,10,9
8052518910113613,2026-01-17 12:00,MAN-TFS,737-800,6218,6172,243,169,2164,168,11,NE,-15,5,Clear,42,23
6106058380902576,2025-12-26 10:30,LBA-FAO,757-200,5075,5389,173,201,2572,206,17,NE,1,4,Light Rain,0,22
3898532658435573,2025-12-14 16:15,MAN-FAO,757-200,5418,5183,183,202,1250,161,30,SW,9,5,Cloudy,1,20
5981801657130119,2025-12-24 18:30,MAN-FAO,757-200,5681,5335,183,203,1934,160,33,N,10,4,Light Rain,5,17
4017570797230349,2026-01-20 05:30,MAN-PMI,737-800,4248,4223,149,181,2382,183,34,SE,-6,3,Light Rain,0,7
8385568369479958,2025-11-23 17:30,LBA-AGP,737-800,4814,7217,167,155,889,166,33,W,29,8,Light Rain,0,11
5197851426377316,2026-01-12 07:00,BHX-FAO,757-200,5742,5551,174,225,2536,186,17,SE,-11,6,Cloudy,0,12
4204247330557981,2026-01-02 18:00,EMA-TFS,737-800,6212,6164,252,157,985,120,43,S,37,3,Cloudy,0,14
2784623897415127,2026-01-12 21:00,MAN-AGP,737-800,4815,5163,165,185,2332,170,6,NW,-9,5,Clear,1,14
1265551368823740,2026-01-13 16:00,NCL-PMI,757-200,5022,5421,162,228,1727,168,21,NE,-13,10,Clear,0,19
4776131541100110,2026-01-10 18:15,BHX-ALC,737-800,5081,4902,160,152,2057,144,15,S,16,9,Overcast,0,19
8283706439914941,2025-12-18 21:15,EMA-TFS,757-200,6367,6346,240,222,3257,184,17,E,-14,8,Overcast,4,15
7648260649536282,2026-01-22 21:30,NCL-PMI,737 MAX 8,5102,4896,165,184,2471,187,3,SE,21,9,Windy,0,17
3987991570893605,2026-02-20 16:00,BHX-ALC,737 MAX 8,4945,4995,173,181,1910,149,31,N,-10,3,Cloudy,0,22
2418670543864138,2026-02-09 11:15,BHX-PMI,757-200,4960,4581,155,209,1654,217,23,NE,8,9,Overcast,0,11
2640046285962315,2026-01-17 20:30,MAN-ALC,757-200,4765,4554,162,211,2749,174,44,S,-7,5,Clear,10,25
8088844624385464,2026-02-08 15:15,NCL-PMI,737-800,5144,5005,175,172,1454,132,5,SW,13,3,Windy,4,18
1180845159588227,2025-12-06 05:00,BHX-TFS,737-800,6670,7080,248,174,1519,160,6,NW,35,6,Cloudy,8,8
1912049420227649,2026-01-02 13:00,LBA-TFS,737-800,6284,5943,253,155,1492,145,39,NW,30,3,Light Rain,3,12
1873580025733980,2026-01-04 11:15,BHX-FAO,757-200,6053,5826,193,215,1592,155,36,NW,-6,3,Windy,0,22
3371556578427848,2025-11-26 11:15,MAN-AGP,737 MAX 8,5232,4910,175,180,1801,190,16,NE,26,9,Cloudy,0,21
5823488643948692,2026-01-18 19:30,MAN-TFS,757-200,6163,5819,248,206,1551,199,34,W,33,6,Overcast,1,20
4813420041031367,2026-02-18 20:15,EMA-PMI,737-800,4635,4637,157,186,2187,203,9,NE,33,10,Cloudy,3,11
4732962718648553,2025-12-03 18:15,LBA-FAO,757-200,4863,5183,173,204,1556,174,25,SW,2,10,Clear,0,20
4564981936039669,2025-12-12 09:00,LBA-AGP,757-200,5002,4831,163,222,2883,179,41,NW,21,10,Clear,0,19
4753954870729006,2026-01-04 12:00,EMA-PMI,737 MAX 8,4620,4500,156,169,1374,175,44,NE,-1,5,Windy,8,15
8502366732178740,2026-02-08 07:15,BHX-AGP,737-800,5596,5828,178,153,1855,156,4,S,30,9,Cloudy,0,13
5965972557285567,2025-12-18 06:15,LBA-PMI,737-800,4103,3955,151,182,1612,174,7,N,0,8,Light Rain,0,22
9210201389723435,2026-01-06 16:15,MAN-FAO,757-200,5392,5207,187,210,2077,219,41,SE,28,6,Windy,0,7
1921547873252182,2025-12-09 10:00,MAN-TFS,737-800,6412,6630,255,167,1667,177,22,NW,1,6,Light Rain,0,19
1511384145224673,2025-11-23 21:30,EMA-TFS,757-200,6289,6086,247,204,2577,223,40,SW,2,7,Windy,0,14
2531103637497181,2026-02-07 17:30,LBA-FAO,757-200,4954,5348,185,226,2857,193,2,SE,6,6,Overcast,0,16
3346909165851750,2026-02-15 22:15,MAN-AGP,737-800,5179,4979,164,161,2192,171,41,NE,-1,8,Cloudy,5,17
4685671822243504,2026-02-05 14:45,LBA-AGP,737-800,4898,4961,180,180,1198,162,43,W,18,7,Light Rain,0,13
6534740226555834,2026-02-03 19:15,BHX-PMI,737 MAX 8,4982,4972,150,161,1441,154,0,NW,2,6,Cloudy,0,9
1925110739508223,2026-01-17 18:45,BHX-FAO,737 MAX 8,5504,5097,182,173,828,183,33,SE,-14,3,Cloudy,4,16
3057405381041109,2026-01-11 21:30,MAN-ALC,737-800,4705,5043,146,183,2021,166,27,E,6,10,Windy,21,19
4425019283543235,2025-12-21 09:15,LBA-ALC,757-200,4326,4234,160,202,2736,212,16,N,23,3,Clear,1,20
2789251153548230,2025-12-08 22:30,EMA-PMI,757-200,4609,4462,151,233,2305,221,44,E,11,4,Overcast,0,10
3304872315592509,2026-02-08 11:30,EMA-ALC,737 MAX 8,5119,3375,161,180,1477,143,0,NE,-8,10,Cloudy,0,10
4220320645488062,2026-02-13 12:45,MAN-AGP,737-800,4851,5094,161,168,1537,171,20,W,32,4,Clear,1,12
4747243447087420,2026-01-18 13:00,BHX-ALC,757-200,4916,4838,160,217,2779,212,30,W,26,5,Clear,3,12
7697970434884363,2026-02-06 20:45,MAN-ALC,757-200,4429,4686,156,208,3178,222,7,W,13,3,Clear,0,23
2489829104846314,2026-02-04 23:15,BHX-PMI,737-800,4997,4943,164,180,1508,174,41,W,-6,3,Clear,3,22
6885061879036689,2025-12-02 20:30,MAN-TFS,737-800,6151,6158,238,174,1625,179,5,NW,13,10,Clear,0,22
6045389702735983,2025-11-25 08:45,BHX-FAO,737-800,5500,5787,187,189,2105,155,32,SE,26,10,Windy,6,21
3290433503908947,2026-02-10 20:30,BHX-AGP,737-800,5102,4972,172,168,1921,153,44,NE,-13,5,Light Rain,3,20
5777094573475140,2026-02-09 11:15,LBA-AGP,737 MAX 8,4710,4678,172,171,1020,171,2,NE,34,10,Light Rain,0,22
9679280210530000,2025-11-29 22:45,NCL-PMI,737-800,5181,5340,176,158,1012,135,38,SW,17,9,Light Rain,10,15
7398685147090321,2026-01-05 14:45,LBA-FAO,737-800,5058,5371,184,185,1442,182,35,SE,-3,6,Overcast,0,11
3404727277800970,2026-02-14 10:30,LBA-AGP,757-200,4845,4909,177,226,3386,184,27,N,18,4,Clear,0,8
5973099535620220,2025-12-13 14:30,LBA-FAO,757-200,4804,2275,174,235,2118,234,35,W,0,7,Clear,0,17
4397500032383149,2025-11-29 05:30,MAN-PMI,757-200,4230,4508,154,223,3438,222,12,SE,3,10,Cloudy,22,23
2981240605428362,2025-11-28 18:30,EMA-TFS,737-800,6598,4046,233,159,881,121,20,N,34,7,Light Rain,0,17
9146978467180596,2025-12-16 21:00,EMA-ALC,737-800,5249,5168,167,163,2158,136,23,S,-2,10,Overcast,1,21
9751653714551502,2026-02-13 12:00,BHX-PMI,737-800,5295,5089,148,151,1858,155,23,NW,16,3,Windy,0,10
1659758892172568,2026-01-30 22:00,LBA-TFS,737-800,6118,6475,245,156,1221,143,44,W,26,4,Cloudy,1,8
8640367577760033,2025-11-29 10:30,EMA-TFS,737-800,6264,6171,235,175,1686,145,24,NE,19,3,Overcast,2,8
9648119780881776,2025-12-02 16:00,MAN-AGP,757-200,5110,4772,169,228,2762,196,42,N,15,5,Overcast,4,24
2449745347768391,2026-02-12 09:30,BHX-ALC,737 MAX 8,5366,5688,155,152,810,141,25,NE,4,6,Windy,37,23
3980041375358622,2025-12-16 12:30,MAN-PMI,737-800,4055,4283,158,185,1744,177,4,S,27,4,Windy,2,22
2995329215989116,2026-01-07 09:15,LBA-AGP,737-800,5060,4812,162,171,2062,165,44,E,21,8,Windy,0,14
1679144827948175,2026-02-13 18:30,BHX-ALC,737-800,5291,5260,165,169,1797,156,11,NE,38,7,Cloudy,0,9
4573919985339496,2025-11-25 21:00,NCL-PMI,757-200,5217,5556,184,234,3410,208,9,SW,10,6,Overcast,0,23
3381117253987140,2026-01-08 21:00,MAN-TFS,757-200,6269,6527,255,210,1933,195,36,E,32,10,Windy,1,14
4409390796751865,2026-01-09 12:00,MAN-PMI,737-800,4397,4376,151,152,881,166,20,NE,30,7,Windy,0,19
2353242024213536,2026-01-08 23:00,EMA-ALC,737-800,5228,5149,157,172,1797,175,38,N,17,5,Light Rain,0,15
2451323533039800,2025-12-16 10:30,NCL-TFS,757-200,6535,6446,243,207,3172,201,30,SE,22,5,Light Rain,0,25
5338483334711217,2025-12-10 21:00,NCL-PMI,737-800,5264,5620,165,175,2027,190,40,N,31,7,Clear,4,22
9190600814670709,2025-12-14 12:45,NCL-TFS,737-800,6486,6614,258,160,2283,156,29,NE,-1,9,Light Rain,0,23
3067027867997171,2026-01-26 18:15,NCL-TFS,737-800,6339,6722,255,157,990,140,8,N,34,9,Overcast,7,23
5706629508855587,2026-01-23 17:30,NCL-PMI,757-200,5589,5229,184,230,2152,245,5,S,23,9,Windy,4,7
5972916773573135,2025-12-08 21:00,BHX-TFS,757-200,6823,6723,257,227,2238,183,34,W,21,8,Overcast,0,13
4048377889365190,2026-02-02 20:15,BHX-ALC,757-200,5059,5454,170,225,1765,234,42,NE,32,6,Light Rain,0,19
6910302838020420,2026-02-01 06:15,BHX-TFS,737 MAX 8,6593,6934,235,188,1691,138,16,SE,8,4,Overcast,0,19
9978530721027201,2026-01-28 14:00,MAN-ALC,757-200,4410,4200,159,233,2371,181,38,SE,24,5,Clear,6,12
1041895580210760,2025-12-28 17:30,BHX-TFS,737-800,7030,6485,241,155,1925,126,35,SW,7,7,Cloudy,0,19
7985974593863072,2025-12-26 10:45,EMA-ALC,737-800,5215,5043,152,182,1327,191,36,S,29,10,Light Rain,10,17
5994952802508793,2026-01-20 19:00,EMA-PMI,737-800,4991,5098,147,164,2438,136,22,N,29,7,Cloudy,0,17
8016053086311255,2025-12-15 20:30,BHX-ALC,737-800,5075,4817,173,162,1821,161,15,SE,1,6,Cloudy,4,18
1487719857076760,2025-12-06 08:00,EMA-PMI,757-200,5154,5532,169,223,2491,200,36,S,16,5,Overcast,0,25
6519412485552197,2026-01-29 18:45,EMA-TFS,737-800,6403,6772,239,179,1046,175,29,SW,29,3,Clear,0,17
3058748275096078,2025-12-26 10:30,MAN-TFS,737-800,6451,6313,249,163,1658,160,23,SW,10,7,Light Rain,0,25
3260571425540683,2025-12-05 13:15,EMA-TFS,737-800,6200,5849,240,159,1768,163,11,W,16,5,Overcast,0,22
6187197689704462,2026-02-02 23:00,BHX-TFS,737-800,6561,6262,240,156,1721,156,16,SW,8,7,Windy,0,13
2459159644024300,2026-02-14 22:15,MAN-AGP,737-800,5049,5271,176,155,1580,147,29,E,-5,8,Light Rain,0,9
2503394076820324,2026-01-05 12:30,BHX-PMI,757-200,5304,5110,153,223,3333,242,26,E,-4,3,Cloudy,0,9
6642837311026742,2026-01-12 08:00,LBA-TFS,737 MAX 8,6461,6000,240,183,2366,201,6,S,24,5,Clear,0,16
9186853241255671,2025-12-09 09:15,LBA-ALC,737-800,4533,4797,166,184,1357,169,8,E,22,10,Overcast,7,24
1082258500470371,2026-01-06 20:15,LBA-TFS,737-800,6322,6079,236,150,1871,154,8,SW,3,10,Overcast,55,22
7886350917766808,2026-01-17 14:15,LBA-ALC,737-800,4621,4904,161,165,1134,163,41,W,38,9,Cloudy,0,14
2674775347486379,2026-02-09 13:30,EMA-TFS,757-200,6192,6542,241,218,1652,208,39,NW,2,10,Cloudy,0,24
5234706942861497,2025-12-06 14:30,LBA-FAO,757-200,4819,6600,165,219,3241,241,29,N,6,4,Cloudy,1,9
9443539535316239,2025-12-16 11:30,BHX-TFS,757-200,6754,6630,238,215,1337,168,6,SE,15,9,Windy,6,8
1378244751003888,2026-02-01 21:00,MAN-FAO,737-800,5503,9069,174,157,1283,150,20,N,-5,7,Overcast,2,7
6806455573655582,2026-02-05 20:15,BHX-ALC,757-200,4961,4961,162,221,1445,160,41,E,29,4,Cloudy,0,24
1620382944773140,2026-01-06 19:15,LBA-ALC,757-200,4337,7576,166,218,3423,213,12,E,19,8,Windy,8,24
5720397507053789,2026-01-29 09:45,MAN-AGP,757-200,4987,4950,177,232,2752,230,1,SW,34,6,Windy,53,19
8532718263490127,2026-02-18 20:15,NCL-TFS,737-800,6629,6216,253,154,889,159,8,E,-13,6,Clear,0,25
1634000456227697,2026-01-11 20:30,LBA-PMI,737-800,3972,3663,159,181,963,161,40,N,8,9,Windy,0,8
1937672461828439,2025-12-31 07:15,EMA-ALC,737-800,4936,4961,173,183,2145,146,40,E,20,9,Clear,10,20
7896885864604209,2025-12-14 10:45,EMA-ALC,737-800,5246,5664,155,172,1445,158,20,SW,11,9,Windy,0,13
5986954899451366,2026-02-01 13:30,BHX-AGP,737-800,5100,5285,177,188,833,171,19,N,4,6,Cloudy,6,15
5346274085848318,2026-01-27 22:15,LBA-AGP,737-800,4679,4408,171,187,1311,148,19,NE,21,9,Overcast,0,17
3745244543833179,2025-12-15 20:00,NCL-TFS,757-200,6890,6759,241,221,2625,232,27,W,-8,6,Overcast,1,19
6147077966404686,2026-01-29 06:30,EMA-TFS,757-200,6514,6720,238,225,3025,225,36,NE,-1,9,Windy,0,9
3398228441416350,2025-11-29 22:45,MAN-FAO,737-800,5744,5996,181,158,1784,146,31,W,26,6,Overcast,0,14
7825055890639435,2026-01-17 15:00,LBA-AGP,757-200,4787,4671,173,201,2448,154,22,NW,24,5,Light Rain,0,18
6611862178110725,2025-12-03 08:00,MAN-TFS,737 MAX 8,6394,5897,234,157,1424,138,1,SW,-2,6,Cloudy,9,24
1971800192326247,2025-12-11 05:45,NCL-PMI,737 MAX 8,5044,4847,176,162,2416,159,17,N,14,3,Clear,0,18
7704875135424933,2025-11-25 14:45,MAN-TFS,737 MAX 8,6201,6602,246,188,1888,138,12,NW,20,3,Clear,0,22
2236334927457816,2025-12-13 05:30,BHX-ALC,737-800,5041,5441,164,167,2462,121,16,W,37,3,Overcast,0,19
2218249905216032,2025-12-04 17:15,BHX-FAO,737-800,5936,6383,174,171,1719,157,13,E,22,6,Cloudy,5,23
2664046989114805,2026-01-17 09:15,BHX-PMI,737-800,5021,4767,162,159,2289,113,20,W,11,7,Light Rain,5,10
3038087366048249,2025-11-26 13:15,NCL-TFS,737-800,6326,6184,261,180,1074,162,38,NW,30,8,Cloudy,0,12
3818330568103499,2025-11-27 18:00,MAN-FAO,737 MAX 8,5507,5734,172,178,2063,159,20,NW,0,9,Light Rain,1,19
8454550425317970,2026-01-12 23:00,EMA-ALC,737-800,4743,5030,164,184,1610,201,2,W,18,3,Cloudy,0,16
6317089856613290,2025-12-29 19:15,BHX-FAO,737-800,6029,6418,171,178,985,176,7,E,34,5,Light Rain,0,12
7919871107263945,2025-12-18 19:00,MAN-FAO,737-800,5467,5658,185,157,2246,138,23,NE,18,9,Overcast,0,19
8272902384870469,2025-12-14 15:15,MAN-ALC,737 MAX 8,4452,4395,150,178,1391,169,7,E,-3,3,Overcast,0,22
1292125867806320,2025-11-23 20:15,MAN-PMI,757-200,4464,4400,155,200,2202,211,17,SE,-12,5,Cloudy,0,11
4413184300221183,2026-02-16 23:30,BHX-PMI,737 MAX 8,5011,4944,146,168,2051,162,44,E,14,8,Clear,0,18
5732303456146576,2025-12-01 18:00,MAN-AGP,737-800,5155,5451,163,176,1874,138,13,N,-9,4,Light Rain,0,17
4006533137162320,2026-02-04 16:15,NCL-TFS,757-200,6809,6801,256,214,2389,234,0,NE,-14,10,Clear,50,20
2581925928059207,2026-01-06 22:15,LBA-ALC,757-200,4460,4667,164,232,3452,192,0,NE,28,8,Windy,0,7
5826828365633505,2025-12-17 15:30,EMA-PMI,737 MAX 8,4636,4744,170,179,1899,189,29,W,32,3,Overcast,5,17
5477065692209463,2025-11-25 11:30,BHX-ALC,737-800,5087,5364,159,174,2083,159,10,W,-4,4,Windy,0,20
7985383387835164,2025-12-23 16:45,MAN-AGP,737-800,4889,4586,169,162,989,142,1,NW,17,5,Cloudy,6,23
6202193334486050,2026-01-03 09:00,EMA-ALC,757-200,4910,5086,154,233,1674,163,2,NE,6,10,Clear,2,16
9496287733059949,2026-01-01 11:30,MAN-PMI,737-800,4545,4413,148,157,1358,119,17,NE,-15,4,Cloudy,0,15
4203180666476419,2025-12-29 23:15,MAN-ALC,737-800,4746,6714,164,153,1016,131,5,W,10,5,Overcast,10,21
2651498213648188,2026-01-01 15:15,EMA-TFS,737-800,6476,6546,252,179,999,158,43,NW,15,6,Cloudy,0,18
3721238847635727,2026-02-20 15:30,BHX-AGP,737-800,5586,5240,167,160,1378,161,38,E,17,4,Light Rain,0,9
7031266505880815,2026-01-30 19:45,NCL-PMI,737-800,5249,5289,179,174,935,146,44,W,35,9,Overcast,6,12
8359182583195572,2025-12-02 23:45,LBA-AGP,757-200,4766,4808,174,211,2461,228,4,NE,28,9,Windy,8,9
8634834385632088,2025-12-10 23:00,LBA-FAO,757-200,4972,4806,179,228,2001,178,20,S,21,7,Light Rain,0,23
6967157885288894,2025-12-09 14:00,BHX-ALC,737 MAX 8,4800,4956,156,172,1024,180,1,SE,12,9,Windy,0,24
5107542912497824,2025-12-15 20:15,MAN-PMI,757-200,4427,4182,151,208,1750,147,41,N,-6,10,Light Rain,0,20
5352891665137699,2026-02-20 18:15,BHX-AGP,737-800,5560,5457,182,177,2038,124,31,SE,30,7,Light Rain,0,8
4094390378683723,2026-01-09 08:45,LBA-TFS,737-800,6439,6937,248,167,1752,151,33,NE,0,10,Clear,0,8
9920413669463139,2026-01-30 05:45,BHX-AGP,737-800,5687,5900,180,168,1392,129,44,S,31,7,Clear,0,8
8276380562196975,2025-12-30 05:30,EMA-PMI,737-800,4678,4941,161,158,2061,128,16,N,32,4,Overcast,3,21
6203976554984744,2025-12-15 13:15,EMA-PMI,737-800,4633,4517,161,159,2019,171,9,NW,33,9,Light Rain,0,12
7111323491075367,2026-01-06 06:30,LBA-AGP,737-800,4804,4786,174,184,1278,157,45,W,15,7,Cloudy,0,21
4039086732089440,2026-01-02 21:00,LBA-AGP,737 MAX 8,4781,5130,180,167,1486,135,6,S,26,9,Light Rain,4,13
6398782268358282,2026-02-17 10:30,EMA-TFS,737-800,6069,5595,228,156,2203,137,14,S,1,6,Clear,0,13
4845927474608196,2026-02-12 08:00,LBA-TFS,737 MAX 8,6284,6441,229,186,2444,202,7,E,1,7,Light Rain,0,15
2295886588189054,2026-02-19 15:30,MAN-ALC,757-200,4463,4379,153,203,2257,220,16,E,13,4,Light Rain,0,22
4524793350816763,2026-01-31 18:15,NCL-TFS,757-200,6565,6148,254,216,3026,153,31,E,26,3,Clear,0,17
5815484541726162,2026-02-04 05:45,EMA-PMI,737-800,4671,8959,168,180,1048,167,22,SW,28,7,Light Rain,51,9
9974625019056438,2026-01-05 07:45,MAN-AGP,757-200,5083,4708,165,212,2424,207,6,SW,16,4,Light Rain,0,7
9467577237389964,2026-02-06 12:45,BHX-TFS,737-800,6815,6815,252,178,833,127,3,SW,35,3,Light Rain,2,23
8148989474142003,2026-02-17 22:15,NCL-PMI,737-800,5037,5227,162,151,1765,160,39,N,0,5,Clear,0,16
8533863644673783,2025-12-05 19:15,NCL-PMI,737-800,5116,5114,163,164,929,168,27,SW,36,9,Windy,0,11
1057192131214499,2025-12-20 06:15,BHX-PMI,737-800,5044,5252,153,173,1933,133,15,N,-7,4,Overcast,0,22
8444302004199878,2025-11-23 10:00,NCL-PMI,737 MAX 8,5487,5656,173,167,1871,147,15,E,24,3,Overcast,0,9
2588182258622962,2025-12-31 16:45,LBA-ALC,757-200,4320,4656,161,223,3410,201,29,SE,2,3,Cloudy,2,22
5006593405247316,2025-12-13 06:00,BHX-ALC,737-800,5057,4923,168,179,888,133,3,E,-5,3,Light Rain,0,14
2947042441781006,2026-02-06 23:30,BHX-FAO,737-800,5833,5581,191,164,1000,130,26,SE,9,6,Clear,0,20
8984061679686326,2026-02-09 19:15,BHX-TFS,737-800,6698,6839,249,162,1487,122,44,N,2,5,Clear,0,17
9353994393943249,2025-12-30 10:15,NCL-PMI,737 MAX 8,5088,5016,167,163,2011,145,29,S,-15,9,Cloudy,0,14
2963628767927868,2026-02-06 09:00,BHX-FAO,737 MAX 8,5981,6204,171,177,1887,152,44,NE,13,10,Cloudy,2,20
6650260806470016,2025-12-09 16:30,MAN-TFS,757-200,6116,6096,232,229,1299,250,29,E,30,9,Cloudy,0,7
4449348841557424,2025-12-02 17:30,EMA-ALC,737-800,4976,5134,163,186,2427,146,43,NE,24,8,Clear,0,8
4176941440592555,2026-01-08 19:00,BHX-ALC,737-800,5372,5548,175,163,1083,178,15,NE,26,10,Overcast,4,14
2610595117811631,2025-12-27 21:45,MAN-FAO,737-800,5653,5610,176,157,1762,154,43,S,13,8,Clear,0,19
1566996624623500,2025-12-29 07:00,MAN-ALC,737-800,4908,4634,149,151,1400,131,43,E,15,8,Light Rain,8,16
8615710466298260,2025-11-25 12:30,BHX-FAO,757-200,5834,5821,190,233,3446,205,19,E,35,7,Cloudy,0,16
4329708874402759,2025-11-29 09:30,MAN-AGP,737-800,5116,5463,165,168,1173,183,45,E,-5,6,Clear,0,21
5570334724422989,2025-12-16 11:00,BHX-PMI,737 MAX 8,5281,5237,149,184,1417,138,1,W,16,5,Light Rain,0,24
4219114263528505,2026-01-04 14:45,MAN-AGP,737 MAX 8,5141,4851,178,178,1493,174,30,N,-7,4,Windy,1,14
1504834507853303,2025-12-04 15:00,NCL-TFS,757-200,6839,6535,258,217,2001,154,34,NW,28,4,Overcast,0,23
9074314012550147,2026-02-16 16:45,LBA-FAO,757-200,4889,2595,178,228,3497,168,28,W,36,10,Windy,57,20
9240434872035169,2026-01-15 09:00,LBA-FAO,737-800,5144,5165,180,187,2348,159,0,W,25,7,Light Rain,0,25
6889023466409750,2025-12-10 11:15,BHX-TFS,737-800,6543,6881,250,187,1422,168,29,SE,-14,3,Cloudy,30,22
7601890921243940,2026-02-16 14:45,MAN-ALC,737-800,4650,4299,165,181,936,170,23,NW,21,9,Windy,8,18
2745730319204663,2026-02-04 05:30,MAN-ALC,757-200,4727,4698,149,222,1868,160,23,W,25,8,Clear,0,9
5367581358060392,2026-02-11 10:00,NCL-TFS,757-200,6630,7025,257,219,2311,213,44,SW,-9,8,Cloudy,0,18
3806401846233326,2026-01-14 15:15,LBA-AGP,737-800,4713,4963,176,185,2056,181,33,NE,11,10,Clear,19,22
7222335694603903,2026-02-19 16:15,BHX-AGP,737 MAX 8,5635,5873,184,169,858,169,7,SE,-7,5,Cloudy,0,9
9117061216446261,2025-12-07 07:00,EMA-PMI,757-200,4801,4500,146,232,1442,206,16,N,-11,7,Clear,18,13
9121431707179105,2025-12-18 10:30,LBA-ALC,737-800,4793,4676,163,182,2399,180,15,NE,-9,3,Overcast,0,16
1993638389994848,2026-01-30 05:00,MAN-PMI,737 MAX 8,4375,4514,155,156,1170,161,24,W,-2,6,Light Rain,59,10
7117072549948802,2026-01-28 09:45,BHX-ALC,757-200,4841,4517,172,224,2361,198,19,NW,-1,9,Windy,7,22
3097503640835944,2026-01-09 10:00,EMA-PMI,757-200,5048,5066,157,207,1787,178,44,NE,32,5,Clear,0,19
1897145781351910,2026-01-16 20:30,NCL-PMI,757-200,5409,5284,184,225,3184,204,9,NW,-9,4,Windy,0,11
5885848545591007,2025-11-29 07:45,LBA-ALC,737 MAX 8,4534,4282,167,156,2356,114,33,NW,35,10,Cloudy,0,23
7881600558717063,2026-01-05 22:00,LBA-PMI,737 MAX 8,4292,4258,143,178,1741,127,11,S,30,5,Light Rain,0,19
8538432659265167,2025-12-07 23:45,EMA-TFS,757-200,6481,6456,246,232,1428,199,31,W,24,8,Windy,0,8
3937399165693731,2026-01-08 16:00,BHX-PMI,737-800,5253,5666,158,153,2154,122,15,S,22,4,Clear,0,7
5528538340936167,2025-11-27 19:45,NCL-PMI,737-800,5273,4868,173,151,1448,129,24,SW,21,4,Light Rain,2,17
6331042663691842,2026-02-16 15:15,NCL-TFS,737-800,6506,6503,253,154,1897,121,16,N,4,9,Cloudy,58,25
8934411689155433,2026-01-05 13:00,NCL-PMI,757-200,5437,5184,175,219,3267,224,27,SW,-3,9,Light Rain,0,24
4921635184238866,2025-11-25 21:15,NCL-PMI,737-800,5478,5275,181,189,2375,201,36,N,18,6,Windy,0,16
6826953878270468,2026-01-14 15:00,MAN-PMI,757-200,4293,4393,148,215,2862,171,9,SE,-14,6,Windy,0,20
4273524845407868,2025-11-27 11:15,MAN-FAO,737-800,5584,5726,173,152,2279,136,1,N,-10,8,Overcast,15,20
6263142398712322,2026-02-16 07:45,LBA-FAO,737-800,5076,5076,183,187,2387,201,16,NW,-10,6,Overcast,2,17
3501603543995798,2026-01-11 12:45,MAN-PMI,737-800,4219,4536,145,166,2007,120,34,SW,29,4,Windy,0,14
9194651605664576,2025-12-11 16:45,BHX-ALC,757-200,4835,5099,155,203,2181,163,24,S,25,8,Clear,9,19
4719625232104066,2026-01-12 13:30,LBA-TFS,737 MAX 8,6141,5942,249,160,1698,152,41,W,35,3,Windy,60,22
6186427760415358,2026-01-04 18:00,MAN-ALC,757-200,4467,4361,161,235,2538,207,1,N,26,5,Light Rain,0,16
8893820867610831,2025-12-03 08:15,MAN-TFS,737-800,6233,6579,254,170,1724,152,8,S,-4,8,Windy,0,12
9532009098751049,2026-01-10 23:15,LBA-ALC,737 MAX 8,4434,4723,172,162,1336,159,10,N,10,9,Overcast,0,18
7099573941045799,2026-02-03 08:00,EMA-ALC,737-800,5206,4888,164,162,2465,164,18,NW,9,5,Light Rain,0,16
2911486735028199,2025-12-17 18:15,BHX-FAO,757-200,5797,6239,170,228,2217,193,43,NW,-10,3,Light Rain,31,19
4340783064699889,2026-01-11 18:30,LBA-TFS,737-800,5953,5794,226,172,2041,185,38,N,-15,7,Overcast,0,19
9767350549931044,2025-12-09 22:00,NCL-PMI,737-800,5515,5509,165,179,1070,132,45,W,-6,7,Clear,13,22
2701636206491709,2025-12-28 16:45,MAN-AGP,737 MAX 8,5113,5383,168,183,1441,160,10,SW,32,10,Cloudy,9,21
3559095567587267,2025-12-12 06:15,MAN-ALC,737-800,4567,4718,153,181,883,159,45,NW,14,10,Clear,0,13
4364713432371196,2025-12-16 10:30,NCL-PMI,737 MAX 8,5217,5287,178,183,2370,170,26,NE,0,10,Clear,0,10
6797431903184658,2026-02-06 08:30,LBA-FAO,737-800,5125,5295,179,167,2016,161,21,N,26,10,Windy,0,8
3689066657105310,2025-12-29 15:00,LBA-TFS,737-800,6290,5880,244,165,2378,173,5,N,-2,5,Light Rain,7,11
4837220980303749,2026-01-24 18:30,NCL-TFS,737-800,6398,6738,261,181,1712,191,30,S,21,9,Clear,7,20
3239674440419347,2025-12-04 06:30,BHX-AGP,757-200,5258,5620,185,233,1543,190,27,NE,36,10,Windy,3,16
6958969655981988,2026-01-28 18:30,NCL-PMI,737-800,5046,5057,162,176,993,156,36,S,7,7,Overcast,0,10
5813229977858601,2026-01-21 10:15,BHX-TFS,737-800,6804,6601,248,178,2077,182,21,E,-2,5,Clear,10,10
8349587172281395,2025-11-25 05:45,LBA-AGP,737-800,4844,4813,180,188,2286,168,39,SW,29,9,Windy,0,13
5368913592744617,2025-11-25 11:00,MAN-PMI,737-800,4247,4203,144,184,1190,135,29,E,15,9,Clear,21,21
5390977153922515,2026-01-22 05:45,NCL-PMI,737-800,5583,5877,169,171,816,127,45,W,11,10,Overcast,0,16
3594169529640444,2026-01-13 20:45,MAN-TFS,757-200,6119,6043,246,204,2297,216,26,NW,-8,10,Overcast,6,7
5349486180873791,2025-12-17 20:30,BHX-AGP,737-800,5447,5815,172,179,1068,189,45,W,11,8,Light Rain,0,9
4878683336362227,2025-12-09 10:15,MAN-ALC,757-200,4825,5167,148,215,2057,198,1,SW,1,8,Cloudy,0,9
6499550065909519,2025-12-07 12:00,EMA-TFS,737-800,6348,6637,236,185,1347,196,44,NE,30,3,Light Rain,0,10
2818467028010786,2026-02-09 08:00,EMA-ALC,737-800,4820,5106,170,160,2291,131,28,NW,31,4,Cloudy,6,10
4862493302666824,2026-01-18 18:00,MAN-TFS,757-200,6449,6229,245,217,2725,214,26,SW,25,6,Cloudy,9,11
6175151705126952,2026-01-14 18:45,EMA-ALC,757-200,4730,4687,161,233,1485,171,20,W,34,5,Light Rain,1,11
4109744001512710,2025-11-30 21:30,BHX-FAO,737-800,6066,6429,191,170,1504,120,17,E,29,9,Light Rain,4,21
9019279587041566,2026-02-14 17:15,MAN-AGP,737-800,4971,4884,177,158,1865,173,18,SE,-10,7,Overcast,6,7
4053264132207553,2026-01-31 23:30,MAN-TFS,757-200,6532,7041,239,203,2727,163,32,SW,-8,3,Clear,0,7
1830900430077264,2025-12-23 23:15,BHX-ALC,737-800,4943,5113,173,165,1015,137,37,SE,37,8,Light Rain,2,20
5555711085534996,2025-11-30 18:15,EMA-PMI,737-800,4978,5119,147,185,1862,187,16,NW,25,9,Light Rain,57,12
2380842820910863,2025-12-09 20:45,LBA-FAO,737 MAX 8,5141,5165,181,179,1769,128,10,SW,-8,9,Clear,0,8
1402463648925207,2025-12-08 16:30,BHX-ALC,737-800,4828,5053,170,187,1663,135,19,S,-2,5,Light Rain,0,9
3097075280009043,2026-01-15 20:30,NCL-PMI,737-800,5386,5365,170,188,1071,189,32,NW,33,10,Light Rain,0,20
1168113166935490,2026-01-12 15:00,BHX-AGP,757-200,5190,5494,185,219,3498,210,41,NE,-3,3,Overcast,9,23
8743022979127416,2025-12-08 22:15,LBA-ALC,737-800,4451,4686,161,187,1709,137,34,SW,10,3,Light Rain,0,20
4512262325916330,2026-01-29 15:45,MAN-FAO,737-800,5854,5543,168,166,2373,122,19,W,28,5,Clear,0,8
1589593383938510,2025-12-05 15:15,BHX-FAO,737 MAX 8,5884,6300,178,153,1214,122,38,SE,16,9,Clear,0,24
5867848817143383,2026-01-23 05:45,MAN-TFS,737 MAX 8,6375,6430,230,156,1304,157,41,E,4,9,Light Rain,0,11
1409689548653644,2025-12-14 12:45,EMA-TFS,737-800,6475,6953,228,160,801,116,30,S,23,7,Light Rain,0,23
2897131471605007,2025-12-13 22:00,MAN-AGP,737-800,5225,4924,163,167,1684,131,32,SW,28,8,Windy,0,17
9039573320641842,2026-01-20 15:00,LBA-FAO,757-200,5011,4992,165,211,2892,195,44,NW,33,9,Overcast,2,24
1810345187174606,2026-02-16 19:00,BHX-ALC,737 MAX 8,5166,5072,167,150,1055,133,12,NW,-15,6,Clear,54,18
7654650932210598,2026-02-09 14:15,MAN-TFS,737 MAX 8,6137,5922,241,188,1228,132,40,W,-8,7,Overcast,0,13
9447762592964313,2026-02-03 23:15,LBA-TFS,757-200,5966,5610,248,214,3342,212,17,SE,28,3,Overcast,10,21
4014758639982283,2026-01-16 06:30,BHX-FAO,757-200,5780,5430,183,231,2680,209,2,SE,-12,7,Light Rain,0,19
3255488505577812,2025-12-03 23:00,MAN-TFS,737 MAX 8,6176,6588,243,171,1436,124,40,NE,-14,10,Light Rain,1,17
3821769364567983,2025-12-24 08:45,MAN-TFS,737 MAX 8,6441,6461,231,154,2388,145,28,NE,25,10,Overcast,16,8
6400499886312317,2026-02-19 07:15,LBA-PMI,737 MAX 8,3956,3830,154,154,1008,150,35,N,3,9,Light Rain,2,14
6163035610368702,2026-02-15 05:45,BHX-TFS,737-800,6603,6434,248,151,1729,137,37,SE,-9,4,Clear,0,13
3780293261079964,2025-12-09 21:30,BHX-ALC,737-800,5255,4991,174,152,923,114,37,W,17,8,Windy,10,11
2705563044967012,2026-02-08 15:30,BHX-ALC,737 MAX 8,5400,5536,171,165,1838,170,35,N,12,8,Cloudy,51,9
5330174169504263,2026-02-16 20:45,NCL-TFS,757-200,6879,7389,258,226,2546,173,29,N,16,6,Clear,0,13
8974814611195960,2026-01-04 17:15,BHX-TFS,737-800,6871,6332,235,185,1035,140,28,SE,25,8,Clear,0,12
4353836063987491,2025-12-26 10:30,EMA-TFS,737-800,6022,5710,234,156,842,161,8,W,26,4,Windy,0,18
8111973184442228,2026-02-15 10:45,LBA-TFS,737-800,6033,6318,253,174,2222,148,38,W,25,6,Clear,0,24
7417511451131944,2025-12-12 15:15,LBA-PMI,757-200,4029,4256,148,231,2057,229,30,NE,-5,9,Overcast,0,12
9426223998787308,2026-01-09 21:45,EMA-PMI,737-800,5010,5121,163,152,1224,120,12,NW,0,9,Cloudy,5,25
4444088202631838,2026-01-09 13:00,LBA-FAO,757-200,4927,4942,174,202,3105,183,21,W,13,10,Light Rain,7,17
2771233061447531,2025-11-26 10:45,MAN-TFS,737-800,6467,6882,232,182,1850,167,5,S,-1,4,Clear,0,13
6891528926249199,2026-02-17 15:30,MAN-AGP,757-200,4897,5058,168,234,2269,165,19,S,37,8,Light Rain,7,7
4951284913133739,2026-01-27 09:45,MAN-TFS,737-800,6314,6288,253,185,2351,164,29,SW,35,4,Windy,4,20
2253215288009805,2026-01-19 22:00,BHX-ALC,737-800,5112,9843,159,171,1261,148,43,W,33,7,Windy,0,8
2681570005967739,2025-12-12 15:45,BHX-TFS,737-800,6565,6601,247,156,1473,145,28,S,-10,5,Clear,0,22
9602748150155716,2025-12-18 07:45,MAN-AGP,737-800,5137,5157,169,173,1861,122,20,W,10,5,Clear,0,9
8273907670702996,2025-12-19 09:15,MAN-AGP,737-800,4881,4962,175,187,1215,168,43,NW,2,6,Clear,0,19
6564078162711771,2025-12-24 21:30,NCL-PMI,737 MAX 8,5473,5540,174,168,2123,177,29,SW,29,7,Light Rain,0,12
7904368253109565,2026-01-17 19:45,MAN-ALC,757-200,4802,6463,148,234,2395,226,4,SE,16,9,Overcast,0,10
7037484177555752,2026-01-03 18:45,MAN-ALC,737-800,4445,4418,161,179,1580,150,25,SE,10,3,Clear,5,11
4520459028000724,2026-01-21 20:45,LBA-TFS,737-800,6148,6358,246,180,2480,146,10,E,38,3,Overcast,0,24
2817096583485773,2025-12-14 07:00,MAN-FAO,737-800,5482,9810,176,178,2226,128,40,NE,9,7,Light Rain,0,19
6062530877300960,2025-12-24 16:15,MAN-PMI,737-800,4028,4343,153,162,2192,157,14,NE,36,5,Cloudy,0,17
6619675440532370,2026-02-11 11:15,EMA-TFS,737-800,6123,5861,241,170,1155,120,41,SW,-15,9,Cloudy,0,15
2579239426031807,2026-01-09 06:00,MAN-PMI,737-800,4511,4860,159,184,2420,202,36,E,1,4,Overcast,6,11
1715080356921315,2026-02-12 15:45,LBA-TFS,737-800,6499,6446,244,164,1831,153,0,SE,-14,4,Windy,0,14
8628511441348244,2025-11-30 09:30,EMA-PMI,737-800,4984,9067,149,178,2313,187,8,S,5,3,Overcast,7,7
1826493980951559,2026-01-04 15:15,MAN-PMI,737-800,4227,4300,147,170,1175,149,0,NE,16,4,Cloudy,51,13
4402174154627460,2025-12-15 23:15,MAN-TFS,737-800,6578,6380,243,165,1668,127,15,S,3,10,Cloudy,0,18
4426788006813407,2025-12-14 20:45,BHX-FAO,737-800,5943,6191,193,180,840,181,27,NE,33,7,Overcast,0,12
5409485658441408,2026-01-21 14:45,MAN-AGP,737-800,5046,4700,179,180,1200,137,12,N,-15,8,Light Rain,37,18
1310815950125295,2026-01-01 23:00,BHX-FAO,737 MAX 8,5894,6302,173,177,1322,179,22,NW,25,8,Clear,7,14
7231509006297942,2026-01-08 05:15,MAN-FAO,757-200,5450,5236,186,210,1250,157,5,W,10,4,Overcast,0,20
7271862461173783,2025-12-31 21:45,NCL-PMI,737-800,5091,4773,173,172,2467,130,13,W,29,7,Clear,0,9
9853599453242136,2026-01-15 21:45,MAN-AGP,757-200,4890,4792,165,212,3192,164,7,NW,21,6,Cloudy,4,13
2901133329768617,2026-01-14 19:00,MAN-ALC,737-800,4786,4499,147,151,1999,120,31,NE,-15,3,Windy,0,8
3974676624212152,2026-01-28 05:45,NCL-TFS,737-800,6572,7026,264,171,2037,149,23,SW,5,6,Windy,7,18
6708557068657196,2025-12-05 05:45,BHX-TFS,757-200,6526,6632,239,217,2218,184,39,NW,17,9,Cloudy,51,17
6151151315017508,2026-01-08 06:30,BHX-AGP,737-800,5509,5720,180,172,1676,185,30,NE,31,9,Windy,10,23
9367717967277527,2026-01-26 06:15,EMA-PMI,757-200,5161,5563,154,228,1673,204,34,SE,0,6,Cloudy,0,7
4091503045692750,2026-01-03 17:30,MAN-TFS,757-200,6587,7063,251,208,3389,198,31,NE,35,8,Cloudy,60,9
5824281599846522,2026-01-10 17:45,MAN-TFS,737-800,6397,5975,233,187,1185,187,7,SW,-7,8,Light Rain,0,8
7728917299218476,2025-12-17 17:45,BHX-PMI,757-200,5432,5574,149,206,2819,145,29,SW,-6,7,Cloudy,0,16
7599199417900214,2026-02-16 06:30,MAN-AGP,737-800,4940,5333,163,180,2092,186,31,S,30,9,Clear,6,13
8712437129960345,2025-12-21 06:15,EMA-PMI,757-200,4763,5137,154,221,2930,215,22,W,10,4,Overcast,5,13
6865833267846140,2026-02-01 17:00,LBA-FAO,737-800,5143,5394,183,169,1737,163,36,E,13,10,Windy,0,13
1306180680868550,2025-11-24 16:00,LBA-FAO,737-800,5047,5323,178,156,1528,170,11,N,-8,8,Overcast,7,19
6777300049980274,2025-12-08 12:45,EMA-PMI,737-800,4776,4893,164,155,2392,137,41,W,2,10,Windy,0,10
4650890499420389,2026-02-16 21:15,LBA-ALC,757-200,4691,4521,173,211,2772,189,41,W,4,5,Clear,6,24
2160268403263824,2026-02-20 05:45,EMA-TFS,757-200,6500,6046,244,234,1708,234,13,NE,-4,5,Clear,9,10
8050854126658795,2026-02-04 11:15,LBA-TFS,757-200,5935,5541,252,219,2689,238,10,W,27,3,Cloudy,13,23
2208839837428562,2025-12-30 22:45,LBA-FAO,757-200,4967,5293,175,234,3291,183,6,N,0,3,Cloudy,3,13
6702638512364914,2026-02-08 22:15,NCL-PMI,737-800,5432,5062,164,174,2130,185,25,NW,-10,7,Light Rain,0,15
3966585734248054,2026-02-20 11:30,NCL-PMI,757-200,5167,5101,176,227,2752,161,38,SE,-11,7,Clear,9,20
3540000131071754,2026-02-12 07:30,BHX-PMI,757-200,5131,4945,149,214,2750,231,7,E,18,7,Overcast,0,25
2138224992226164,2026-02-01 13:00,LBA-PMI,737-800,4085,3984,152,184,1929,173,25,NW,22,5,Windy,0,11
7471377298243230,2025-12-11 17:30,LBA-PMI,737 MAX 8,4279,4421,160,188,1656,185,11,NW,7,10,Overcast,28,23
5581805299730919,2025-12-22 14:00,MAN-AGP,737-800,5232,4889,170,165,991,126,3,NE,32,7,Overcast,11,20
3027241330399418,2025-12-10 20:45,EMA-ALC,757-200,5245,5411,171,212,1229,209,44,SW,0,3,Overcast,8,23
2958734410834054,2025-12-15 07:30,LBA-FAO,737-800,4916,4912,166,157,1492,167,15,NE,3,7,Light Rain,0,25
1763302436292026,2026-01-01 21:00,BHX-AGP,737 MAX 8,5158,5039,180,171,1411,144,0,SW,31,5,Light Rain,0,22
2259873516779807,2026-01-29 21:15,BHX-FAO,737-800,5507,5204,185,164,1763,141,19,SW,12,5,Overcast,17,21
7765214836709130,2026-01-07 18:00,BHX-ALC,737 MAX 8,4913,2687,161,171,864,131,12,NW,27,7,Clear,0,11
3542042061896750,2026-01-13 21:45,LBA-FAO,737-800,5105,4714,168,182,827,183,15,N,28,8,Light Rain,0,22
6714864710360008,2026-01-24 07:45,MAN-TFS,757-200,6623,6291,253,207,2279,227,15,W,-3,10,Clear,0,25
4846729518968128,2025-12-12 12:00,LBA-FAO,737-800,4798,5127,173,189,1208,139,3,W,11,7,Cloudy,0,8
2664890088453284,2026-02-13 06:30,LBA-AGP,737-800,5082,4961,168,170,897,131,0,N,27,8,Cloudy,0,10
6670559981993418,2025-12-25 20:30,BHX-PMI,737-800,4913,5057,148,158,1478,133,23,SW,0,7,Cloudy,0,10
4766923365167418,2026-02-08 08:00,NCL-PMI,737 MAX 8,5195,4940,180,156,953,168,39,SW,4,10,Cloudy,0,11
8336666316374743,2026-02-01 13:30,BHX-ALC,737-800,5246,4883,158,182,2419,129,38,S,29,5,Windy,0,13
3732875917229148,2026-01-12 20:00,MAN-ALC,737-800,4793,4841,161,188,1356,147,0,E,21,6,Overcast,0,23
6450792957346135,2025-12-21 14:30,EMA-TFS,737-800,6046,6078,235,159,1368,170,17,N,26,6,Cloudy,0,18
7508619667330224,2026-01-09 15:00,EMA-TFS,737-800,6418,6827,232,153,2081,157,22,SE,31,7,Cloudy,0,25
6131022146019260,2026-02-19 17:30,NCL-TFS,757-200,6525,6342,254,225,1837,198,27,SW,-6,10,Clear,0,12
8445008452635023,2026-01-24 10:30,LBA-ALC,737-800,4603,4741,160,159,947,138,29,W,-9,5,Clear,0,7
5313621763849072,2025-11-24 06:15,MAN-TFS,757-200,6246,6684,238,200,1635,183,21,NE,-3,5,Light Rain,10,16
6903000274109602,2025-12-12 12:00,EMA-TFS,757-200,6556,6161,248,206,3430,169,32,W,-6,3,Cloudy,0,11
2633593386345320,2025-12-29 12:45,LBA-AGP,737-800,4714,4414,163,172,956,163,7,SW,-10,3,Overcast,0,17
8177395960936196,2026-02-17 18:15,MAN-AGP,757-200,4978,5277,169,231,2711,248,45,NE,35,3,Cloudy,0,21
8225041823627317,2026-01-23 07:00,NCL-PMI,737-800,5285,4985,183,158,1172,159,22,SW,16,9,Light Rain,7,17
6029391080236271,2026-02-14 12:45,BHX-FAO,737-800,6046,6039,187,164,1587,120,45,W,18,6,Clear,0,7
1487136787083942,2026-01-22 09:00,LBA-PMI,737 MAX 8,4042,3909,151,185,1662,147,14,N,32,5,Clear,3,20
4706666170057454,2026-02-20 08:00,EMA-PMI,757-200,4630,4368,150,215,1515,152,26,E,33,5,Light Rain,0,16
9389756575917925,2026-01-05 19:00,MAN-AGP,737-800,5251,5371,161,161,1830,123,25,W,28,10,Overcast,0,14
4821050496986037,2025-12-13 13:00,EMA-ALC,737-800,4916,2420,154,185,2039,192,44,NW,15,8,Light Rain,0,18
1404193208075817,2025-12-17 13:00,LBA-AGP,737-800,4998,2436,179,156,933,122,0,S,-3,6,Clear,0,25
7981124915458774,2026-02-03 20:00,LBA-PMI,737-800,3908,4208,149,175,1824,136,25,SW,-7,4,Windy,0,23
7923259348213424,2025-12-12 05:45,EMA-PMI,757-200,4897,4632,146,205,1582,222,14,SE,36,5,Cloudy,44,23
8814046804941732,2026-01-05 19:15,BHX-PMI,737-800,5341,4948,164,174,1289,136,39,NE,-6,10,Clear,1,16
6122697566621703,2025-12-04 20:00,BHX-AGP,737-800,5265,4901,174,172,982,125,45,NW,1,10,Windy,52,10
9803921118136944,2026-01-24 06:30,MAN-AGP,737-800,5269,5421,179,182,2079,197,23,NE,28,9,Overcast,8,8
1975914201894819,2026-02-13 06:15,EMA-TFS,737-800,6297,6172,231,154,1256,132,29,NE,7,10,Light Rain,0,12
9434877950686870,2026-01-12 18:15,BHX-TFS,737-800,6850,7394,245,180,1034,146,2,E,15,5,Cloudy,0,19
8480918992208178,2026-01-08 18:45,MAN-PMI,737-800,4433,4270,140,155,1090,113,25,NE,4,10,Light Rain,9,15
2302597509300570,2025-11-29 07:45,BHX-PMI,737 MAX 8,5068,4824,154,180,1773,165,10,W,7,9,Clear,0,25
7273029173717339,2026-01-03 15:00,LBA-FAO,737 MAX 8,4955,5244,169,176,1338,160,0,NW,38,5,Light Rain,0,13
5712293917291495,2026-01-31 10:45,MAN-PMI,737-800,4590,4924,146,173,833,142,19,NE,29,10,Light Rain,0,24
6851296325337881,2026-01-04 08:15,BHX-AGP,737-800,5666,5752,170,174,1383,181,44,W,25,7,Overcast,2,10
2120861697824709,2025-11-25 18:00,EMA-PMI,757-200,5157,4827,164,202,2387,210,13,SE,34,10,Overcast,0,22
8356243207040388,2026-01-06 19:45,BHX-TFS,737-800,6729,6737,246,166,1429,172,26,SE,-15,9,Clear,0,18
1896919012430164,2026-01-28 15:30,MAN-ALC,737 MAX 8,4647,4688,158,189,2119,162,3,W,-7,9,Cloudy,0,20
4444398723503287,2025-12-09 21:00,NCL-PMI,757-200,5266,5550,184,220,2034,162,1,W,-15,5,Clear,0,9
1931517705467835,2025-11-26 09:45,BHX-ALC,737-800,5027,4864,175,165,2287,167,24,S,27,3,Windy,2,25
3824524638995441,2025-12-07 19:00,LBA-AGP,737-800,5058,4800,168,173,1225,148,31,N,11,4,Light Rain,2,19
5609386896642236,2026-02-12 19:15,MAN-ALC,737-800,4980,5085,150,157,1502,172,30,N,-5,7,Clear,0,7
2738881600782677,2025-12-12 11:30,LBA-AGP,737 MAX 8,4767,4491,160,158,1348,128,12,NE,7,7,Light Rain,0,19
2798923126011010,2025-12-25 10:15,MAN-FAO,737 MAX 8,5897,6174,168,160,2426,125,31,W,13,9,Overcast,5,19
3209629066306822,2026-02-03 16:30,LBA-TFS,737-800,5934,6369,253,176,1401,166,41,SW,10,3,Clear,0,12
